country,1970,1971,1972,1973,1974,1975,1976,1977,1978,1979,1980,1981,1982,1983,1984,1985,1986,1987,1988,1989,1990,1991,1992,1993,1994,1995,1996,1997,1998,1999,2000,2001,2002,2003,2004,2005,2006,2007,2008,2009,2010,2011,2012,2013,2014,2015,2016,2017
Afghanistan,,,,64.3,,,72.8,77.9,,,61.7,,,,82,,,,,,,,,,,,,,,,,,,,,,,,,,,,,,,,,
Albania,,,,,,,,,,,,,,,,,,,,,,,,,,18.9,,,,,,,,,,,,,92.2,95.2,97.9,98.8,98.7,98.7,95.7,88.8,93.2,92.4
Algeria,,,89.5,88.1,85.4,87.6,85.5,86.1,86.5,88,86.6,87.8,90.3,91.2,93.6,95.5,93.6,93.8,92,93.5,94.2,94,92.4,93.3,92.2,94.4,94.1,,95,95,97.1,96,97,96.2,95.6,95.2,96,95.9,,95,94.6,92.8,96.2,93.4,93.8,93.6,94.8,96.3
Andorra,,,,,,,,,,,,,,,,,,,,,,,,,,,,,,,,,,,,,97.8,95.8,94.8,94.3,91.6,93.9,95,98.2,97.2,,98.8,
Angola,,,,,,,,,,,,,,,,,,,,,,,,,,,,,,,,,,,,,,,40.1,44.8,,,,,,,,
Antigua and Barbuda,,,,,,,,,,,,,,,,,,,,,,,,,,,,,,,,,,,,,,93.5,,,,,,,89.8,,,
Argentina,75.2,,,77.5,72.6,75.8,,,,,,,,,,,,,,,,,,,,,70.1,,90.5,96.3,93,92.1,84.2,96.3,89.7,96,96.3,98.2,95.3,96.6,94.9,97.4,96,97.1,96.4,98.3,95.5,
Bahamas,,,,,,,,,,,,,,,,,,,,,,,,77.7,,,,,,,,,,,,85,93.9,92.3,82.8,91.4,,75.5,70.8,89.4,,70.2,,
Bahrain,,,,,,,,,,,,88.9,87.9,,81.3,89.3,86.5,91,97.1,,,89.2,98.6,98.3,98.3,91.1,,97.1,98.6,95.6,98.1,98.7,,99.1,98.4,,,,,,,97.9,,,,98.7,97.3,97.9
Bangladesh,,,,,,,21,,,,20.5,,,,,,,,46.7,,,,,,,,,,,,,,,,,,,,66.6,66.2,,,,,,,,
Barbados,,,,,,,,,,,,,,,,,,,,,,,,,,,,,,91.8,95.6,94.5,96.1,96.3,97.5,93.3,92.7,93.6,92.2,93.3,94.5,,,,,,,
Belarus,,99.3,99.3,99.6,99.1,99.3,99.3,99.5,99.3,96.3,89.4,82,77,72.9,69.3,66.1,,,98.4,45.7,,,,,,,,,,,,,,,,,,,,,,,,,,,,
Belgium,,,,,73.1,70.7,74.7,69.8,73,75.3,76.3,76.1,68.1,70.1,75.1,79.8,81,80.8,,,,,,,,,,,,,,,,,,96.4,96.3,91.2,96.5,98.9,,,99.1,95.7,96.7,98.1,96.1,
Belize,,,,,,,,,,,,,,,,,,,,,,67.4,,,70.4,70.1,,,,76.1,84.5,,,,,91,87.3,92.7,95.6,91.1,92,,93.6,96.4,99.1,,94.8,96.3
Benin,,66.3,61.9,47.8,67.1,60.6,51.7,53.3,60.1,58.9,55.1,,59.4,39.8,55.1,43.6,50.1,42,46.8,14.2,67.1,55.1,67.3,55.4,64.8,60.9,66.4,64.6,,,84.2,72,68.5,69.8,,,,,,60.4,63,67.5,61.1,62.7,66.8,57.6,,
Bhutan,,,,,,,18.4,14,30.1,,,,,,,,,,,,,,,82.1,,,,86.2,87.5,90.5,91.1,,,93.2,94.4,93.1,95.4,92.4,95.5,93.2,95.5,97.4,,,,,94.8,89.5
Bolivia,,,,,,,,,,,,,,,,,,,,,,,,,,,,,,,,,,,,,,,,87.6,90.1,92.8,98,96.4,97.7,97.1,96.2,96.9
Bosnia and Herzegovina,,,,,,,,,,,,,,,,,,,,,,,,,,,,,,,,,,,,,,,,73.2,80.6,83.3,82.8,86.5,97,95.6,98.4,93.9
Botswana,64,,,90.9,90.1,88.1,90.6,84.6,88.7,95,82.4,86.4,89.1,87.2,91.4,89.6,92,89.8,,86.2,94.2,84,89.2,88.7,86.8,89.9,,,87.6,86.6,89,88.3,89.4,90.2,89.7,89.1,78.8,79.6,96.6,,,,96.3,,,,,
Brunei,,,,,,79.2,,,,,,,,85.8,,,,,,,,,,95.3,95.1,,,,94.5,,,,,97.7,98.3,98,98,97.6,98.3,98.1,98.8,98.6,,,,,96.3,98.1
Burkina Faso,,56.4,52.7,57.5,62.7,63.3,64,63.7,65.3,67.9,67.8,75.5,72.2,73.8,73.5,,75.2,72.1,70.9,69.9,75.5,69.7,,,78.7,,,,66.7,68.3,69.1,65.4,73.2,75.9,75.5,72.5,80.6,79.6,82.2,75.1,,80.3,80.7,79.1,78.6,80.5,77,81.3
Burundi,,,15.6,50.5,67.1,58.9,56.9,80.6,61.2,76.5,81.3,,85.4,84.6,83.4,,86.3,84,68.3,69.8,76.1,61.8,73.4,,,,,,,,58.8,64.8,68.3,64.2,68.6,,69,64.7,72.6,62.3,59,53.6,59.3,64.4,58.7,56.3,53.8,54.4
Cambodia,,,,,,,,,,,,,,,,,,,,,,,,,49.8,,,49.1,52.5,,63,70.4,60.9,59.7,63.1,62.2,62.2,62.1,,,68.7,72.7,69.9,,,79.5,80.8,89.3
Cameroon,,,59.3,61.5,67.2,63.2,57.4,65.7,66.2,66.9,72.3,70,74.5,62.9,73.8,72.7,76.9,74,,,66.7,,,,,,,,,77.8,,,,,,,81.8,63,78,76.3,68.4,78.7,,,79.2,71.3,55,51.4
Canada,,,,,,,,,,,,,,,,,,,,,,,,,,,,,97.7,98.9,,,,,,,,,,,,,,,,,,
Cape Verde,,,,,,,,,18.1,24.6,27.8,25.2,26.9,,37.7,51.4,50.7,53.8,,60.2,,,,,,,,,,,,91.8,87.2,90.9,89.6,90.5,89.7,89.7,87.9,88.4,92.1,,93.6,92.8,91.9,92.7,,
Central African Republic,,35.9,51.3,46.8,,57,57.4,50.2,,,44.1,58.9,55.5,,,50.4,26.3,67,60.5,,36.1,24.1,,,,,,,,,,,,,,,,,53.6,56.3,55,56.7,,,,,,
Chad,,,,,,,34,,,,,,,,,,,,35.4,,50,,,,28.9,41.4,60.3,,51.9,55.9,54.9,61.5,53.5,,33.4,38,,,,36.5,56.7,46.6,56.6,,,35.8,,
Chile,81.6,74.2,76.1,76,74.1,74,78.6,,,,,,94.8,,,,,,,,,,,,,,98.8,,,,,,,,,,,,,,98.1,98.7,,99.6,99.6,99.6,99.6,
China,,,,,,,,,,,,,,,,,,,80,80.6,85.1,86,88,88.1,90.6,92.2,93.6,,,,,,,,,,,,,,,,,,,,,
Colombia,40.2,36.6,41.3,37.1,,,,,,,,37.1,54.6,55,55.1,55.8,60.7,56,56,52.2,55.3,72,59.1,62.8,57.7,71.5,,,63.4,66.6,60.9,69.4,,,80.9,80.8,85.2,84.7,,84.5,87.4,84.7,72,83.5,88.3,90,91.7,92.2
Comoros,,,,,,,,,,,,,,,,,39,,,,,,46.3,80.5,,,,,48.7,,,,,61.5,,,,,,,,,,74.6,,,,
"Congo, Dem. Rep.",,45.9,,,,57.5,58.8,65.4,,55,54.7,54.4,54,,,,,68.3,,,,54.7,63.7,63.5,,,,,,,,,,,,,,77.6,,60,59.8,73.7,61,,54.7,,,
"Congo, Rep.",,76.7,79,81.8,74.1,78.6,77.1,77.6,75.6,,75.5,,,81.5,81.3,,76.1,,,67.8,,63,,65.8,,55,,,,,,,67.7,,,,,76.9,,,,,,,,,,
Costa Rica,77.2,76.5,79.2,74,65.7,81.3,76.4,78.1,80.5,74.9,79.8,76.5,83.9,84.6,81.3,85.6,81.4,83.7,82.7,84.5,82.4,84.2,85.4,88,88.6,87.6,,,,91.5,93.7,91.6,,,86.6,93.8,87.6,95.7,95.7,91.2,92.9,91,89.9,91.8,94.8,95.2,94.9,
Cote d'Ivoire,,,86.2,82.2,85,79.4,93.8,92.3,93.1,89,89.4,83.3,82.8,74.6,70.8,73,74.8,76.9,80.4,75,67.7,73,61.4,84,74.3,72.7,71.9,69.8,83.1,69.2,88.9,,,,,,78.6,,66.1,,,84.8,78.4,76.3,83.9,83.5,75.1,
Croatia,,,,,,,,,,,,,,,,,,,,,,,,,,,,,,,,,,,,,,,,,,,,,,,0,
Cuba,,71.6,85.2,84.5,87.5,87.5,87.7,86.9,,,87.1,88.9,90.2,91.6,92.6,92.6,94,92.9,91,89.8,90.3,91.6,94,94.9,93.7,,,,77.7,95.6,96.7,97.4,97.2,96.9,96.9,97,96.8,96.5,95.9,96.6,95.9,96.5,96.7,96.7,96,96.3,96.3,96.7
Cyprus,,97.1,98.7,97.6,70.5,95,98.5,99.2,99.2,98.8,98.9,98.5,99.5,98.8,98.8,99.2,98.6,99.2,99.2,99.1,98.4,99.5,99.1,99,99.4,,,,,95,99.1,98.2,98,99.2,98.6,98.7,98.9,95.4,,,,,95,92.2,97.9,98.3,98.9,
Czech Republic,,,,,,,,,,,,,,,,,,,,,,,,,,,,,,98.3,98.5,98.7,97.7,98.4,98.4,99.4,98.2,98.8,99.6,98.8,99.2,99.3,99.2,99.3,99.5,99.5,99.5,
Denmark,,96.3,96.7,97.7,97,99.5,92.7,98.9,98.1,,99.7,99.1,98.8,99.1,98.8,98.6,99.3,99.1,99,98.7,99.2,94.2,99.9,,,,,,99.8,99.9,99.9,,,,92.5,99.8,,98.7,99.7,99.3,,,99.5,99.7,99.9,,99.6,
Djibouti,,,,,81.4,49.2,,,,,,,,,,,91.6,92.8,88.6,97,80.3,87.3,54.9,,94.3,82,79,,,76.7,,,,,,89.9,,,,,,,75.9,84.4,,,,
Dominica,,,,,,,,,,,,,,,,,,,,,,,,,,,,,,85.5,86.2,85.4,83.7,83.6,92.3,89.2,89.3,92.3,89.7,89.9,93.8,89.7,93.9,89.7,83.6,78,,
Dominican Republic,,,,,,,,,,,,,,,,,,,,,,,,50.4,,,,,72.2,75.1,,,,57,,68.5,,,,79.8,,83.6,94.8,82.8,96.4,87.4,83.9,84.3
Ecuador,,51.1,53.7,58.8,54.6,59.6,59.3,61,71.7,62.9,70.6,67.2,66,70,60.9,,,67,,,,,,40.3,76.6,77.7,85.2,,77.6,77,77.8,78,74.4,76.3,76.3,77.3,81.7,,94.8,91.8,95.1,87.2,94.2,,84.7,92.6,93.5,99.2
Egypt,,,,,,85,85.5,67.5,,,,,,,,,97.4,,,,,,,,,,,,,99.1,99,95,96.1,98.6,93.5,94.4,94.4,,,97.2,,,,,,,97.4,97.6
El Salvador,35.6,37.7,51.8,42.2,42.9,43.5,41.9,,,,16.9,65.4,47.2,49.5,,,,50.8,44.5,,,58,58.3,,,76.7,,,,,67,68.9,74.5,,,72.1,73.7,79.8,80.2,89.4,87.3,87,87.4,86,82.5,82.5,78.8,86.5
Equatorial Guinea,,,,,,,,,,,,,,,,,,,,,,,,,,,,,,,,,,,,,,,60.9,69.6,66.4,76,,,,,,
Eritrea,,,,,,,,,,,,,,,,,,,,,,,,82.7,78.9,78.6,70.5,,,93.9,60.5,81.6,86.2,80.9,79.2,73.7,60,73.3,73.1,69,93,84.8,77.6,,73.1,,,80
Estonia,,,,,,,,,,,,,,,,,,,,,,,,,,96.4,,,98.4,99,98.9,98.5,98,98.6,98.7,96.9,98.1,98.4,98.8,97.6,97.8,97.5,97.3,98,98.3,99.3,99.6,
Eswatini,66.1,77,77,77.7,74.2,72.3,75,73.2,74.2,75.8,78.9,72.2,74.3,76.6,77.6,74,81.4,76.8,77.4,79.2,76.2,77.2,76.9,78.7,86.7,74.4,75.8,80.5,84,80,74,73.3,76.9,,84.3,94,80.3,,,96.2,82.4,84.7,89.3,93.9,93.8,94.4,95.2,
Ethiopia,,,,,,,,,,,,50.1,,,,,52.4,46.3,31.1,,,,,58.1,51.1,55.3,,,49,56.5,64.6,60.4,56,53.6,68.8,65.6,64.4,50.8,45.7,43.4,48.6,44.1,,,44.1,,,
Fiji,,92.1,93.7,93.9,,92.9,94.7,96.6,95.1,92.3,93.3,,,93.3,93.7,94,,,,,,85.6,,,88.4,85.4,92.5,91.6,91.4,87.4,89.8,87.4,,96,,,,91.9,94.3,,,97.1,98.4,,,92.5,,
Finland,,,,,,,,,,,,,,,,,97.4,96.6,96.8,99.2,99.5,99.7,99.5,99.5,99.5,99.4,99.8,99.5,99.6,99.5,99.4,99.5,99.9,99.8,99.5,99.4,99.7,99.7,99.7,99.7,99.7,99.7,99.5,99.7,99.9,99.8,99.8,
France,,86.9,,,87.6,88.8,90.5,94.7,94.9,94.5,,,,,,99.5,94.9,94.7,95.2,96.5,96.6,96.4,,,,,,,,98,,,,,,,,,,,,,,,,,,
Gabon,,56.3,57.7,,69.5,66.3,50.4,66.9,50.1,61.2,62.9,57.3,57.8,58.6,,,62.7,51.3,66.7,,,,,,,60.1,,,,,,,72.3,,,,,,,,,,,,,,,
Gambia,,88,,,,,,,,,,,72.5,,78.2,64.4,,,74.2,,,,85,80.4,,79.8,78.2,,,65.8,73,62.1,78.5,78.4,68.4,67.7,,71.5,,,67.4,85.9,76.5,80.1,80.9,79.2,,
Georgia,,,,,,,,,,,,,,,,,,,,,,,,,,,,,,,,,,92.6,88.1,98.8,99.7,95,95.5,96.4,,94.7,99.8,98.9,96.9,99.5,99.2,99.3
Ghana,,74.8,,71.4,79.4,93.3,78.4,74.3,77.7,75.2,77.7,,,,,,,,,,,80.5,,,,,,,,,66.2,90.5,63.3,,,,,,78.4,,,,88.1,89.8,,,90.2,86.3
Greece,,95,96.2,95.3,93.7,98,98,97.3,97.4,93.9,98.3,98.3,99.1,99.3,99.8,99,94,99.2,97.8,,,99.3,,,,,,,,,,,,,97.9,97.8,97.6,,,,93.7,95.1,92.1,93,,96.2,98.8,
Grenada,,,,,,80.2,78.7,,,,,,91.1,93.7,97.1,,,,,,,,,,,,,,,,,,77.7,,,,,,,83,,,,,,,,87.2
Guatemala,34.3,35.4,,,37.3,35.5,41.1,40.8,39.5,42.4,45.9,29.8,50.7,43.5,44.1,39.1,,,,,,,,,,49.6,,,,56.1,55.9,65.3,,,68.1,69,68.4,70.6,83.4,72.7,75.3,72.1,73.7,77,79.6,,82.9,88
Guinea,,,,,,,74.8,66.4,,,55.1,55.2,59.9,52.5,48.8,53.8,56.6,57.9,60.9,56.4,75.3,58.8,79.9,80,,,,,,,,,,81.3,75.9,79.2,81.9,69.7,68.6,68.6,,59.5,66.1,66.6,,,,
Guinea-Bissau,,,,,,,,,17.1,19.8,20.3,22.3,24.1,25,,,,21.9,,,,,,,,,,,,,,,,,,,,,,,,,,,,,,
Guyana,,,87.7,,,,,87.7,87.7,82.5,91.2,90.2,90.4,75.3,,,,,,,,,,,,,,,,90.5,77.2,,,,,,,,86.7,,,94.6,,,,,,
Haiti,,,,,,,,,35.2,51.2,,20,33.4,,18.9,36.2,,,,,,,,,,,,,,,,,,,,,,,,,,,,,,,,
Honduras,,,,,,,,,,41.9,,,,47.8,,,,,,,,65.2,61,59.8,55,61.1,60.3,58,,,,,,,,83.4,,77.8,76.9,82.5,79.9,75,76,82.3,,86.8,87.3,
Iceland,,,,,,,,,,,,,,,,,,,,,,,,,,,,96.1,98.5,98.6,99,98.3,98.4,98.3,98.5,97.8,94.5,99.7,99,98.6,98.1,98.4,,,,,,
India,,,,38.3,,,,,,,,,,,,,52.7,62,,,,,,,58.6,,,,,62,59,61.4,,,,,,,,,,,,81.8,93.3,90.2,87.7,91.2
Indonesia,,67.9,67.8,56.1,58.9,59.7,63.6,82.3,,,,75.5,73.8,78.6,79.8,81.1,84.6,83.3,84.5,83,84,83.6,85.6,92.5,87.1,91.2,88.2,,,,,89.2,89.1,88.6,87.1,,,86.1,90.2,91.8,89.5,89.5,86.4,84,,,98.9,99.5
Iran,,,,,,,,,,,,,,83.1,85.2,84.4,83.2,86.9,88.7,90.6,90.8,89.9,90.6,89.1,90.4,,,,,,97.4,93.7,87.5,,,,,,96.3,93.2,98.1,96.2,,86.2,98.4,98.4,97.4,
Iraq,,73.7,82.1,81.8,70.1,,,,,,,,70.2,,78.8,79.7,84,84,72.1,,,,,,,,,,,65.6,,,,,,,,,,,,,,,,,,
Ireland,,,,,,,,,,,,,,,,,,,,,,99.5,99.5,99.9,99.3,,,,,,,,,,,,,,,,,,,,,,,
Israel,,,,,,,,,,,,,,,,,,,,,,,,,,,,,,,,99.2,99.1,99.3,99.5,99.3,99,99.1,99,99,98.9,99,99.2,99.3,98.9,99.3,98.8,
Italy,,,,,,,,,,,,,,,,,,,,,,,,,,,,,,93.8,,95.8,,,99.7,99.4,99.5,99.6,99.7,99.6,99.5,99.3,98.9,99.4,99.2,99.2,99.8,
Jamaica,,,,,,,,,,,,,,90.6,,,,85.7,,,94.6,,,,,,,,,,87.1,88.9,,,,,,,87.6,,88.1,,87.5,95.4,,,94.1,96.9
Japan,,,,,,,,,,,,,,,,,,,,,,,,,,,,,,,,,,,,,,,,,,,,99.9,100,99.9,100,
Jordan,,78.9,90.8,91.3,89.3,89.7,90.7,91.1,93.5,95.6,94.7,96.3,92.4,97.5,,,83.3,87,86.6,97,,,98.2,98.4,,,,,,97.3,,,96.9,98.2,96.2,,94.2,,,,98.5,,,,,,,97.3
Kenya,73.9,79.6,77.6,,63.6,54.8,61.7,56.9,,67.6,60.7,,,,,,,,,,,,,,,,,,,,,,,75.3,80.6,,,,,,,,,,93.6,,,
Kiribati,,,,,,,,91.2,92.3,,90.1,89.4,86.5,82.7,,,83.8,85.3,,87.2,,86.4,84.4,,86.5,,95.4,,,,,71.9,,79.7,,80.6,78.6,,,,,,,,,,,
Kuwait,,,,,,,,,,,,,,,,,,,,,,,,,,,,,,,,,,,,,,,,96,,94.1,95.7,,,96.1,92.3,92.8
Lao,,,,,,,,,,,,,,,,,,,,,,,53.6,53.1,,,55.5,59.7,54.3,54.6,53.5,62.7,64.5,62.9,63.3,62.2,61.6,67,68.5,71.1,68,69.9,73.3,77.6,78.7,79.6,81.1,82.2
Latvia,,,,,,,,,,,,,,,,,,,,,,,,,,,,,,,,,,,,,96.1,96,96.2,95.7,94.9,92.5,93.8,94.6,96.1,97.4,97.1,
Lebanon,,,,,,,,,,,,,,,,,,,,,,,,,,,,,,90.3,96.3,93.9,92.1,96.6,93.6,91.2,96.8,92.6,95.3,,93.6,96,,97.1,,85.9,95.9,87.8
Lesotho,41.3,56.2,61.7,73.4,55,52.2,50.4,52,52.4,55.1,60,65.3,59.3,58,66,60.1,67.4,66.9,59.6,65.8,70.7,66.4,60.6,79.5,75.3,63.1,68.4,73.2,68.8,74.6,67.2,72.8,77,63.4,73.4,74.3,62.2,80.4,72,80.5,75.4,76.4,69.1,79.6,77.3,83.7,,
Liberia,,,,,,,,,,,,,,,,,,,,,,,,,,,,,,,,,,,,,,,81.7,,,,,,,,55,
Libya,,90,89,88.8,,92.5,89,78.7,,84.4,86.4,,,,,,,,,,,,,,,,,,,,,,,,,,,,,,,,,,,,,
Liechtenstein,,,,,,,,,,,,,,,,,,,,,,,,,,,,,,,,,,,,,,81.8,83.2,79.4,76.6,75.1,,,96.7,97.3,98.1,
Luxembourg,,,,,,90.6,94.7,92,89.2,,,,91.1,,,,,,,,,,,,,,,,,,95.5,,,,,97.8,98,96.4,,,,,96.7,92.9,,,96.4,
Madagascar,,42.8,29.5,,41.6,,,,,,,,,,,,,,34.5,32.9,39.4,21.8,31.4,28.1,27.7,40.8,,,37.7,52.4,36.1,34.7,55.4,59.9,42.9,36,42.5,42.7,49.4,34.6,39.5,40.7,38,40.1,42.6,35.1,,
Malawi,,,,47.5,50.5,38.7,36.8,37.2,38.9,45.8,37.8,44,30.1,34.2,46,44.4,57.1,43.8,60.4,53.3,46.3,64.5,41.9,37.3,,34.2,,,44.2,48.5,48.8,43.9,,,42.2,44.4,43.6,68.2,50.7,60.9,59.3,57.7,70.1,64.4,,,,
Malaysia,,,,,,,,,,,96.8,97.7,98.2,97.6,98.4,,,98,97.4,97.2,98.2,,96.8,,,,,,,,,87.1,97.8,,99.3,99.1,99.1,99.1,,,,,,95.3,92,,97.2,
Maldives,,,,,,,,,,,,,,,,,,,,,,,,,,,94.2,,,,,,,,89.8,,,93,96.6,94,90.4,87.4,95.2,92.6,,91.4,94.6,
Mali,,54.6,56.5,55.6,,58.2,66.1,62.8,69.4,50.8,47.4,,52,46.1,49,48.2,52.9,50.5,,,,,,,,,,,,76.9,88.2,84.3,74.8,86.3,87,81.3,,84.5,86.9,84,87.6,70.7,56.5,,,,,
Malta,,,,73.6,,,,95.6,94.8,92.7,91.9,93,,,96.5,98,96.6,,,,,98.6,97.8,,94.4,98.1,98.1,97.6,97.3,98.6,98,99.3,97.7,,,,96.8,95.9,83.4,,96.6,95.6,98.5,97.2,97.2,,94.9,
Marshall Islands,,,,,,,,,,,,,,,,,,,,,,,,,,,,,,,,,,,,86.1,72.8,82.4,86.9,,,,,,,,,
Mauritania,,,,,,,,91.4,,82.3,,,,,,,87.1,75.3,69.6,57.2,75.2,74.7,75.4,71.9,65.7,62.7,64,65,66.4,,,54.7,,,52.9,57.4,63.7,,81.9,,,,75.3,,,,70.7,
Mauritius,,,,,,,,,,,,,93.8,98.6,97,97.2,97.9,95.9,98.8,97.4,98.3,97.4,98.5,,,,,98.7,98.8,99.1,98.4,97.6,98.6,99,97,98.9,98.6,98,97.2,98,98.5,98.6,97,98.8,97.4,98.1,96.6,97.8
Mexico,,,,,51.8,57.4,68.2,63.9,74,68,69.6,70.6,74,73.8,72.9,76.2,76.8,74.5,77,75.1,76.4,79.5,81.5,84.2,84.6,85.9,85.6,,88.9,89,88.3,90.5,92.8,92.6,93.8,94.4,94.6,93.9,96,96,96.5,96.7,95.7,96.7,96.9,93.2,99.1,
Monaco,,,,,,,,,,,,,,,,,,,,,,81.9,,,,,,,,,,,,,,,,,,,,,,,,,,
Mongolia,,,,,,,,,,,,,,,,,,,,,,,,,,,,,,,,,,,,,,,,,,,,,,97.9,97.3,97.8
Montenegro,,,,,,,,,,,,,,,,,,,,,,,,,,,,,,,,,,,,,,,,,,80.5,,,,93.2,98,99.1
Morocco,,67.4,65.3,68.8,74.9,89,80.2,83,84.6,81.9,80.2,80.3,76.9,79.4,67.9,67.7,69,66.6,63.2,75.6,73.5,75.1,79.8,79.4,79.8,78.2,75,75.1,77.3,81.9,80,83.9,81.3,75.7,79.3,80.3,83.9,82.8,84.2,93.9,93,91.6,94.1,92.7,92.8,95.8,97.5,95.7
Mozambique,,,,,,,,,,,,,,,,,24.3,23.2,34.2,41.8,32.9,34.5,35.3,43,46.5,,,,46.8,43.1,52.5,49.6,,,62.4,57.4,64.2,60.4,54.8,53.7,44,48.6,50.1,48.5,49.7,,,55.5
Myanmar,,26.8,,32.3,,,,,,,,,,,,,,,,,,,,,,,,,,,55.2,59.2,65.4,69,,,,,69.6,74.8,,,,,,,,
Namibia,,,,,,,,,,,,,,,,,,,,,,63.3,,82,75.7,78.6,,86.4,83.4,92.8,90.9,91.6,88.1,82,86.1,86.9,,,91.5,92.8,,,96.6,,,,,91.6
Nepal,,,,,,,,,,,,,,,,,,,,,,52.2,,,,,,,,59,,,65.3,67.7,61.6,,,61.7,,,,,55.3,60.4,70.1,76.9,73.5,
Netherlands,,96.8,96.7,96.8,97.3,98,97.3,97.2,97.4,97.9,97.6,95.9,95.7,95.1,94.5,,,,,,,,,,,,,,,,,,,,,,,,,,,,,,,,,
Nicaragua,32.7,27.7,32.6,28.8,,,33.7,30.9,28.2,43.7,,,43.8,33.6,49.4,29,41.2,38.1,33.2,44.1,45.6,44.2,54.3,54.2,47,,,,,48.4,54.2,64.8,55.1,58.8,53.6,53.7,47,51.4,,,,,,,,,,
Niger,,54.8,60.8,58.7,63.2,65.8,70,75.4,67.6,72.7,72.6,73.3,73.5,82.2,64.3,,75.6,,84.1,73.3,82.3,62.4,76.8,,,68.7,72.6,71.3,65.5,61.4,74,71,69.1,73.6,,,72,74.8,69.4,64.3,71.5,64.6,63.9,64.4,,77.8,,
Nigeria,,,,,,,,,,,,,,,,,,,,,,,,,,,,,,91.9,,,,,80.8,82,60.3,62,89.8,72.4,,,,,,,,
North Macedonia,,,,,,,,,,,,,,,,,,,,,,,,,,,,,,,,,,,,,,,,,,,97,96.4,97.4,,,
Norway,,99.3,98,98.6,98.9,97.3,99.4,99.2,99,99.5,99.5,99.5,,,99.3,99.7,99.1,99.8,99.6,98.9,99.3,99.5,99,,,,,,99.4,99.8,99.3,99.2,99.3,99.4,99.9,99.6,99.7,99.2,99.5,99.5,99.6,99.5,99.3,99.8,99.7,99.6,99.3,
Oman,,,,,58.9,64.3,,69.6,68.1,,,,92.5,92.3,97,94.1,92.9,93.9,94.2,94.4,,95,,96.1,95.3,95.8,95.9,95,94.6,93.7,95.9,96.2,98,,,,,,,,,95.2,98.8,,98.1,99.4,98.5,
Pakistan,,,,,,,,,,,,,,,,,,,,,,,,,,,,,,,,,,,69.7,,,,60.8,61.5,52.2,61,62.4,79.6,,77.3,,70.4
Panama,88.2,79.4,78.6,78.2,79.8,78.4,83,80.6,76.6,76.7,76.6,80.6,78,84,81,83.8,82.7,75.8,81.5,,,,,,,,,,,91.9,88.6,89.8,,,85.3,88,90,87.4,89.3,94.6,94.9,92.1,94,88.7,,,,
Papua New Guinea,,,,,,,,,,,,,,,,,69,66.5,67.9,54.7,59.1,69.3,,67.3,59.2,65.4,60.1,65.2,,,,,,,,,,,,,,,,,,,,
Paraguay,48.5,44.9,51.4,49.2,47,54.5,53.8,56.9,,,58.4,58.3,61,60.8,61.3,59.2,61.3,64.4,65.6,66.5,70.5,74,76.2,71.3,72.9,78.4,,78.1,79.4,78.1,,,81.5,81.2,87.7,81,83.6,83.7,82.3,85.5,83.8,86.7,,,,,,
Peru,,,67,65.2,67,71.2,67.8,74.1,68.2,71,75.7,,,,,,,,,,,,78.8,,,,,,87.9,87.5,86.1,83.7,,89.7,90.3,89.5,93.2,86.2,91,93.2,85.1,78.8,,92.6,,,94.5,
Philippines,,,,,,,,,,,,,70.5,71.8,70.3,70.6,78.9,77.8,74.8,75.3,,,,,,,,73.5,73.7,,,79.3,76,75.3,74.9,74,76.8,78.4,78.7,,,,,,87.3,89.5,94.8,
Poland,,96.8,96.9,96.8,97.5,98.1,98.1,97.4,97.3,97.5,98,98,97.5,97.7,97.7,98,97.7,97.6,95.9,95.6,95.8,97.8,100,99.3,93.1,98.1,,91.2,100,98.6,99.3,98.5,99.3,99.8,99.3,98.6,97.7,,98,99.5,99,98.9,98.4,98.3,98.4,98.4,94,
Portugal,,59,64.2,68.3,71.4,,,,,,,,,,,,,,,,,,,,,,,,,,,,,,,,,,,,,,,,,,,
Qatar,,94.9,94.1,93.7,94.6,93,95.6,90.1,91.7,91.7,95.4,97.6,,97.1,98.6,97.9,,,,93.4,,,93.3,96.9,94.9,97.3,,,77.6,,,,,,,85.4,,95.5,,,,,98.7,,,99,97.2,
Rwanda,,39.6,41.7,44.2,48,,58.3,56.3,,76.1,81.8,71.4,57,62.6,64,64.7,68.9,67.2,66.6,59.6,58.9,60,,,,,,,,45.3,41.7,41.2,46.6,45.9,,,,,48.5,47.2,,51.9,51.2,52.2,62,74.8,70.7,68.1
Samoa,,,,,,,,,,,,,,,,,,,,,,,,,92.7,86.3,85,,73.8,91.1,92,,90.3,90.1,87.2,87.8,90.7,,,,79.5,91.7,,,92.3,94,88.9,87.4
San Marino,,96.8,,,,,,,,,,,100,99.7,100,,96.8,98.9,100,100,100,88.1,85.4,100,,,,,,,,,,,,,,,93.6,,71.7,96.2,,,,,,
Sao Tome and Principe,,,,,,,,,,,,,,,,,,,,,,,,,,,,,27.3,,,62.3,65.9,67.2,77,,,79.2,77.3,79.1,88.4,,,,,87.8,95.5,
Saudi Arabia,,,,,,,,,,,,,,,,,,,,,,,,,,,,,,,,,,,,,,93.9,,,,99,,92.6,71.7,75.9,70.8,
Senegal,,73.1,70.1,,,,,,86.3,83.3,84.5,86.1,86.7,84,84.8,83.6,,88.5,85.7,88.2,,84.5,,86.8,,81.2,85.4,86.9,,,72.3,67.5,80,78.2,73,65.1,,70.9,69.8,73.7,71.8,73.3,69.6,77.7,71.9,76.1,76.8,75.4
Seychelles,91.4,90,,91.4,91.2,83.3,,88.9,,89,96.4,97,94.8,96.5,98.2,95.1,94,94.7,95.3,,,92.7,94.6,95.4,,,95.3,94.5,95.9,96.3,91,97.8,98.3,88.3,,,,92.3,94.9,95.6,96,,,87.9,92.3,97.1,,96.8
Sierra Leone,,,,,,,,56.3,,,,,,,,,,,,,,,,,,,,,,,,,,,,,,,,,,,59.7,,,60,59,27.9
Singapore,,96.6,97.3,96.3,97.7,96.7,97.5,95.7,92.2,95.5,97.2,99.1,99.4,99.2,,,,,,,,,,,,,,,,,,,,,,,,,99.3,,,,,,,,99.4,
Slovenia,,,,,,,,,,,,,,,,,,,,,,,,,,,,,,,,,,,,,,,99.6,99.3,98.7,99.3,99.7,99.2,98.7,99.3,99.4,
Solomon Islands,,,,,77,,,,,85.2,69,73.5,88,78.5,,,,,,,84.9,87.8,83.8,81.2,,,,,,,,,,,,,,,,,83.2,72.5,83.9,80.6,78.7,86.8,78.5,67.8
South Africa,,,,,,,,,,,,,,,,,,,,,75.3,,,,,,,,78.6,64.8,,86,84.1,82.5,,,,,,,,,,,,86.5,,
South Korea,,96.3,93.4,94.2,95.4,95.1,93.8,95.9,96.4,97.5,,93.8,97.2,97.1,99,99.4,99.2,99.4,99.3,99.6,99.7,99.5,99.6,99.8,99.4,,93.5,96.7,99.3,99.5,99.2,98.8,99.6,98,98.9,99,98,98.7,99.1,99.4,99.1,99.3,99.6,99.4,99.5,99.5,99.5,
Spain,,,,,,,,,,,92.9,94.5,93.1,93.6,96.4,95.5,96.8,92.9,96.2,97,,,,,,,,,,,,,,,,99.4,,,99.7,95.4,98.6,98.2,97.5,97.7,98.4,99.3,99.9,
Sri Lanka,,,,,66,74.4,78.5,,94,,,89.9,91.3,91,92.4,92.7,93.4,,95.4,90.8,94.4,92.2,,,,,,,,,,97.8,98.1,,,98.7,98.6,,,,97.3,96.6,98.5,98.2,99.2,98.4,98.4,
St. Kitts and Nevis,,,,,,,,,,,,,,,,,,,,,,,,,,,,,,,82.8,,,,,,,81.3,,83.8,,87.3,95.4,,98,,,
St. Lucia,,,,,,,,,,,,,,94.4,,,,,,92.4,94,,91.6,,,,,,,,,93.8,,89.4,95.8,,93.3,95.7,94.2,94.7,93.7,92.5,95,92.1,,,94.1,94.9
St. Vincent and the Grenadines,,,,,,,,,,,,,,,,,,,,,,,,,,,,,,,,,,,,,,,,86.5,79.4,,91.4,96.1,92.1,94.5,91.9,96.7
Sudan,,,,,,,,,,,,,,,,,,,,,,,,,,,,,,,,,,,,,,,,79.7,,86.8,86.8,81.3,83.1,89.8,82.8,
Suriname,,,,,,38.2,,69,76,,,92.4,83.3,81.3,74.8,,,82.8,,,,,,,,,,,,,,,,,,80.9,79.8,,94.1,81.6,88.8,95.8,93.1,91,96.8,95.5,73.2,87.7
Sweden,,98.2,96.8,96.5,97.6,99.1,99.5,,99.1,99.3,99,98.2,98.4,98.7,,,,99.4,99.6,99.7,99.6,99.7,,,,,,,,98.4,99.3,98.8,99,99,99.1,99,99.4,99.7,99,99.5,96.5,,99.7,99.6,,,,
Switzerland,,,,,,,,78.7,73.8,73.8,55,74.1,73.1,73,72.5,72.7,73.4,,,,,,,,,,,,,,,,,,,,,,,,,,,,,99.5,99.6,
Syria,,88.9,92,85.4,85.1,88.8,85.5,84.2,87.8,85.9,87,90.6,90.6,92.6,95.1,96,,,92.5,89.5,95.8,93.7,91.8,92.3,89.8,90.9,93.5,87.4,90.7,91.8,92.1,92.4,,,,,,,,,,,,,,,,
Tanzania,63.9,72.9,80.3,88.8,91.6,85.7,,,,,89.4,81.1,94.6,84.5,78.6,86.2,76.8,75.6,80.2,,78.5,81.8,83.2,78.7,,,81.3,76.6,80.9,79.7,81.4,96.5,,87.8,84,85,86.9,,80.9,89.8,,,80.8,,,,,94.8
Thailand,,,,,43.8,45.8,48.7,52.8,,,84.2,,,,,,,,,,,,,,,,,,,85.5,95.2,,,,,,,,,,,,,,87.4,,93.6,98.7
Timor-Leste,,,,,,,,,,,,,,,,,,,,,,,,,,,,,,,,,,,,,,,79.5,70.5,84.2,79.3,80.8,84.5,85.5,83.8,86.3,86.2
Togo,,75.5,,,,,,,79.3,74.5,67.3,53.7,53.8,37.4,45.9,51.5,73.5,62.4,61.3,68,68.4,51.1,,,,70.8,,,,52.5,74.7,,69.3,76.8,75.2,84.7,,75.7,,77.7,60.8,74.9,70.9,60.8,,,,
Tonga,,,,,,,,91.3,91.9,,,,,95.7,,91.4,,,,,,,84,,,,,,,,92.5,,,,89.1,91.6,,,,,,,,,,,,
Trinidad and Tobago,,,,,,,,,,,,,,,,,,,,,82.1,,,,,,,,,,94.8,,,96.9,89.9,,,94.7,96.1,92.1,,,,,,,,
Tunisia,,67.9,63.1,70,84.3,84.2,86.5,87.9,84.6,85.8,86.8,86.6,87.7,87,87.5,87.5,,,85.9,87.3,87.3,86.6,87.6,90.5,91.7,92.4,91,,91.6,92.2,93.1,95.5,96.2,96.5,96.8,96.7,96.4,96.1,96.1,96.2,,,95.7,94.5,96.3,88.5,96.8,
Turkey,,,,,,,,,,,,,,,93.3,97.5,96,97.1,96.4,96.6,95.6,97.5,92.2,89,93.1,,,,,,,,,94.9,96.6,97.8,97.5,94.2,91.8,99.2,95,90,,,0,,,
Tuvalu,,,,,,,,,,,,,,,,,,,,,,,,,,,,,,,,52.2,,,,90.1,,,,,,,,,93.8,61.3,,
Uganda,,,,,,77.9,,,61.2,,,78,,,,63.4,,,,,,,,,,,,,,,57.1,63.3,58,41.9,48.7,,58,,57.7,,48.2,62.4,61.4,,,,61.1,
United Arab Emirates,,,,70,81.5,,,96.6,92.6,95.6,,,98,90,83.8,91.8,87.9,92,96.4,97,95.9,80,88.8,98.4,97.8,82,83.4,92.8,97,92.1,95.1,95.6,,94.1,95.2,97.9,96.7,,,,84.4,,92,,,,,
United Kingdom,,,,,,,,,,,,,,,,,,,,,,,,,,,,,,,,,,,,,,,,,,,,,,97.7,99.8,
Uruguay,87.7,90.1,92.3,84.4,,,82.3,91.3,,,,,,,95.8,89.8,94.4,95.4,96.8,95.4,94.5,94.9,95.7,94.3,95.9,97.7,94.2,95.7,87.1,,88.6,92.9,88.5,91.2,94.9,93.1,94.4,94.5,95.4,94.8,94.2,99.3,99.1,99.3,98.9,99.6,90.3,
Vanuatu,,,,,,,,,,,,,,,,,,,,,,,,75,,,,,,72.1,,,,,,,82.3,82.2,76.1,,,,,,,,,
Venezuela,,65,64.9,63.3,64.9,69.7,65.2,73.8,72.9,73.1,75.1,74.4,71.5,71,76.8,76.1,80,75,76.7,80.6,90.6,86.1,78.4,,,,89.1,,,90.8,,89.8,84.2,91,91.4,92,97.7,84.3,94.1,93.8,96,96,96.4,91.4,92.6,86.7,87,
Vietnam,,,,,,,,,46.4,,,,,,,,,,,,,,,,,,,,,82.8,85.7,,85.2,,,,,,,,93.8,97.5,94.5,,96,,,
Yemen,,,,,,,,,,,,,,,,,,,,,,,,,,,,,,,,74.5,75.9,73.2,66.3,,,,,,,,75.4,,,,,
Zambia,,73.3,73.5,77.9,72.1,79.1,80.2,80.1,81.9,84.6,84.3,,,,,86,,,,,,,,,,,,,78.2,80.6,,92.9,,,,87.6,88.5,89.1,71,79.7,,,74.5,,,,,
Zimbabwe,,,,,,,,,,,,,,77.6,,,,,,,,,,,,,,,77.6,,,59.8,69.7,,,,,,,,,,83.4,,,,,
